fold,species,g_0,g_1,g_2,g_3,g_4,g_5,g_6,g_7,d_0,d_1,d_2,d_3,d_4,d_5,d_6,d_7
0,Lupinus sericeus,5.089704,0.6349918,0.124842785,-0.226841,-0.21472582,0.14059944,-0.09916661,0.0738708,1.4276394,-0.75514776,0.73345023,0.04823244,-0.27798924,0.2638547,-0.44818836,0.024040211
0,Balsamorhiza sagittata,0.16971016,4.481588,0.2135366,0.40160796,0.41097072,0.32073566,0.46689686,0.01552977,0.05035778,2.7244563,-0.05370822,0.061312538,-0.31549743,-0.048209514,0.2666664,-0.32735324
0,Gaillardia aristata,-0.0057757627,-0.36592075,5.423783,0.61460054,-0.55355,0.8499107,-0.3081723,0.41708916,1.3142488,0.7322039,2.0405915,0.5818882,-0.43781635,0.1894505,0.0039150943,0.36987925
0,Achillea millefolium,-0.48236957,0.6110997,1.0481963,5.3043566,0.12777445,0.4926494,-0.5571847,0.65294826,0.46707544,0.68382066,-0.22021692,1.474766,-0.7601045,-0.22787794,-0.6823571,-0.008584842
0,Euphorbia virgata,0.9891268,-0.57189983,-0.59728,-0.06412732,5.6849227,1.4191742,0.258661,-0.9957534,-0.5493714,-1.5380613,-0.8037616,0.39824626,2.025394,0.20004185,0.17206083,0.41685647
0,Sisymbrium altissimum,0.17199446,0.072352156,0.08149708,0.019625325,-0.008433914,4.8609757,0.6834708,0.05245883,-0.07272863,-0.008080977,-0.3606857,-0.33213362,-0.25149515,1.0100863,0.31099486,-0.7535696
0,Bromus tectorum,-0.38928992,0.8597199,0.0188242,0.10216234,0.25595933,0.8739551,5.020438,0.07381698,0.1396604,-0.1293637,0.05268853,-0.024294762,-0.039088104,-0.15516935,1.3963292,-0.42064092
0,Poa bulbosa,-0.06233466,-0.22414392,0.32002732,0.2720068,0.12641871,-0.44982803,-0.12099833,4.3881726,0.045572203,0.08093542,-0.0009073997,0.12355006,0.18831335,-0.20962359,0.053029913,0.5838372
1,Lupinus sericeus,5.303725,0.32454613,0.4833174,0.048596635,-0.1727068,0.39280814,-0.15281527,-0.038825877,1.5825038,-0.42532182,0.62122816,0.14977586,-0.16098952,0.33663857,-0.437472,-0.10564679
1,Balsamorhiza sagittata,0.19679406,4.4309545,0.63606983,0.63266146,-0.064133674,0.1957777,0.1990931,-0.10073208,-0.11521223,2.9641347,-0.32130954,0.57007825,-0.43341175,-0.02340013,0.041226797,-0.7082563
1,Gaillardia aristata,0.1733981,-0.3687738,4.8504386,0.38441402,-0.49453983,0.36851442,0.7934311,0.43887222,1.5201627,0.44627324,2.0439575,0.28153992,-0.25165153,0.6875157,-0.31100824,0.81838936
1,Achillea millefolium,-0.39266643,0.5885513,0.08067711,5.131031,0.21889728,1.4587525,-0.89934444,-0.10131752,0.21500123,0.37409925,-0.58680385,1.6338313,-0.6374785,0.2574602,-0.30192956,0.23266526
1,Euphorbia virgata,1.5265347,-0.6995623,-0.8467441,0.25657743,4.8761415,0.77966994,0.51762354,0.12672438,-1.2487006,-1.0365672,-0.6328584,-0.25880817,2.9636877,-0.10973125,0.9664606,1.1154052
1,Sisymbrium altissimum,0.25171268,-0.16308023,-0.1349451,0.22414225,-0.13462655,5.017579,0.79008555,0.42098722,-0.12932613,-0.16732724,-0.50151265,-0.1369026,-0.4716638,1.0977443,0.36101446,-0.70333624
1,Bromus tectorum,-0.16727796,0.96169734,-0.0799856,0.12325253,0.116809435,0.7263733,5.0646887,0.35758963,-0.0720076,-0.18432523,-0.21656522,-0.25602415,-0.3897824,0.17353779,1.3393997,-0.25326157
1,Poa bulbosa,0.16671483,-0.23792134,0.16261387,0.17190005,0.10166066,-0.4350998,-0.09162385,4.3835382,-0.14573848,0.13615845,-0.21236295,0.024877606,0.11977651,-0.117622815,-0.026751535,0.64824
2,Lupinus sericeus,5.073001,0.51601714,0.10939104,0.112210274,-0.103694566,-0.12825298,-0.10499646,0.30877846,1.656883,-0.7280915,0.6219656,0.1907594,-0.5175836,0.14508961,-0.58100283,0.18858689
2,Balsamorhiza sagittata,0.009975559,4.301689,-0.21833979,0.47657976,0.008147498,0.021521032,0.3882038,0.13049866,-0.008162581,2.7249918,-0.23836389,0.77038157,-0.33912617,-0.06687944,0.22985138,-0.60859287
2,Gaillardia aristata,0.2049994,-0.1491933,5.3274536,0.08281312,-0.6524382,0.7769777,0.88448805,0.5386183,0.84998745,0.36314118,2.3670578,0.1349212,-0.128603,0.36637533,-0.14352074,0.3301929
2,Achillea millefolium,-0.36915147,0.47633398,0.8742399,4.7859154,0.103686504,1.672315,-0.6220136,0.5704275,0.18199733,0.4014384,-0.0037771373,1.4758863,-0.53488326,0.024647838,-0.10685287,-0.31917033
2,Euphorbia virgata,1.6215869,-0.97936404,-1.1215873,-0.43496323,4.7495165,0.93228585,0.85072476,-0.8623379,-0.7562811,-0.8141947,-0.5055262,0.10261958,3.4109728,0.23919196,0.4743992,0.39531454
2,Sisymbrium altissimum,-0.156732,-0.2059067,0.079628065,0.087988354,-0.16101836,4.853792,0.14612952,0.021741742,-0.072564095,-0.10579074,-0.3625637,0.22424702,-0.3005078,1.2112143,0.18927693,-0.6016306
2,Bromus tectorum,-0.38319153,0.7320259,-0.19994749,-0.054382376,0.31308305,0.8262175,4.8871126,0.2014022,0.24472438,-0.12877126,-0.14987914,-0.12327687,-0.113829836,0.01941286,1.3663672,-0.42380866
2,Poa bulbosa,0.015387451,-0.22759655,0.15026022,0.15009785,0.06184902,-0.30947188,-0.04159025,4.482462,0.087704085,0.19625121,-0.016303472,-0.01850018,0.016413275,-0.10026792,0.046115372,0.5811407
3,Lupinus sericeus,5.0654907,0.58677673,0.027082052,0.07590231,-0.10528623,0.15456748,0.044356454,0.0015645792,1.591302,-0.688463,0.513017,-0.16489738,-0.39458117,0.27821153,-0.44662192,-0.047770973
3,Balsamorhiza sagittata,0.55115294,4.491748,0.3768169,0.1917466,-0.10479774,0.010831852,0.26664937,0.23340733,-0.023793785,2.9880815,-0.48273867,0.67291844,-0.5596111,-0.5049466,0.3468429,-0.16141494
3,Gaillardia aristata,-0.043090716,-0.91106987,5.4177895,0.39477476,-0.5063358,0.82181716,0.9016411,0.541718,1.3134612,0.8610063,1.7869991,-0.08202021,-0.24590482,0.53155124,0.0315885,0.088245675
3,Achillea millefolium,-0.11234652,0.09902307,1.2290354,5.0154824,0.18489315,1.3942494,-1.1845015,0.23397915,0.11612691,0.42143345,-0.0051697847,1.3955349,-0.9204694,0.368952,0.010727361,-0.08131765
3,Euphorbia virgata,1.5966362,-0.8593467,-1.0008161,-0.34716746,5.0148163,1.3521745,0.74180245,-0.32885596,-0.31590822,-0.7686303,-0.8678507,-0.09819773,3.2508228,0.025371592,0.5480348,0.3772159
3,Sisymbrium altissimum,0.31247687,-0.13435906,0.13085061,0.29671657,-0.45676756,4.8800697,0.727158,0.21115614,-0.027972983,-0.039164677,-0.34349918,0.043019474,-0.5878081,1.0066597,0.36558512,-0.65947974
3,Bromus tectorum,-0.21392547,1.1227719,0.10837598,-0.24672848,0.112979814,1.1645136,5.1235538,0.11106373,0.27273628,-0.45197374,-0.082604185,-0.3835393,-0.3746149,-0.11059484,1.4884486,-0.12630224
3,Poa bulbosa,0.1310998,-0.23153178,0.11152852,0.27388632,0.07857864,-0.4493127,0.0284811,4.4419847,0.042152587,0.1205566,-0.1304603,-0.035665177,0.2615572,-0.10767971,-0.05631573,0.4641426
4,Lupinus sericeus,5.028789,0.46990538,-0.009211716,-0.07872417,-0.21109098,0.13006662,-0.051808897,0.09026848,1.5092868,-0.6996482,0.5948726,-0.13777575,-0.39918533,0.18775003,-0.30641413,-0.06322123
4,Balsamorhiza sagittata,0.20179059,4.2499046,0.056173544,0.47986513,-0.18831281,0.08949888,0.3518987,-0.046046846,0.109132186,2.9219484,-0.2141476,0.66992444,-0.34396347,-0.10725643,-0.037075184,-0.44050813
4,Gaillardia aristata,0.019906022,-0.6290779,5.266526,0.47534198,-0.42759413,0.81472254,0.65282154,0.49546015,1.2426746,0.6925359,2.0850153,0.17766716,-0.30071113,0.48562422,-0.19284688,0.42122608
4,Achillea millefolium,-0.2480547,0.561282,1.1427169,5.0270114,0.0014242372,1.3102382,-0.616908,0.31610873,0.2874992,-0.10418633,-0.2687598,1.3159509,-0.57869697,0.5038997,0.004918793,0.12857005
4,Euphorbia virgata,1.8764241,-0.91473955,-1.0669411,-1.1569055,4.799252,0.7943901,0.3082495,-0.44988626,-0.086678915,-0.518901,-0.7626313,-1.0307437,3.3693788,0.16124241,0.7099532,0.5240207
4,Sisymbrium altissimum,0.20695378,-0.06426778,0.21158543,0.1431835,-0.14956518,4.8541765,0.8110053,0.24928477,-0.08400928,-0.23652005,-0.39206022,-0.022328682,-0.6038748,1.163496,0.37345892,-0.7494395
4,Bromus tectorum,-0.2802449,0.69998085,0.20774738,0.10133881,-0.0976665,0.4323868,5.181541,0.037038192,0.19508742,-0.12423833,-0.34300235,0.20609014,0.06281663,-0.026564624,1.4463061,-0.18408203
4,Poa bulbosa,0.19121937,-0.17517781,0.24166322,0.22156648,0.14814419,-0.49897322,0.06466302,4.2837234,-0.025097972,0.19248644,-0.04938636,-0.014529796,0.10893643,-0.16458225,0.101539195,0.7844989
